{
    "root_group": {
        "name": "",
        "path": "",
        "id": "d41d8cd98f00b204e9800998ecf8427e",
        "groups": {},
        "checks": {}
    },
    "metrics": {
        "http_req_tls_handshaking": {
            "med": 0,
            "max": 566.4237,
            "p(90)": 0,
            "p(95)": 113.2847399999996,
            "avg": 33.31904117647059,
            "min": 0
        },
        "http_reqs": {
            "count": 17,
            "rate": 0.834031327609988
        },
        "http_req_connecting": {
            "p(95)": 15.821639999999944,
            "avg": 4.653423529411764,
            "min": 0,
            "med": 0,
            "max": 79.1082,
            "p(90)": 0
        },
        "vus": {
            "value": 2,
            "min": 1,
            "max": 2
        },
        "vus_max": {
            "value": 2,
            "min": 2,
            "max": 2
        },
        "data_received": {
            "count": 527178,
            "rate": 25863.703954516368
        },
        "iteration_duration": {
            "p(90)": 1299.50768,
            "p(95)": 1475.2092999999995,
            "avg": 1198.9089941176471,
            "min": 1092.5706,
            "med": 1128.4669,
            "max": 1868.3601
        },
        "iterations": {
            "count": 17,
            "rate": 0.834031327609988
        },
        "http_req_sending": {
            "med": 0,
            "max": 0.6175,
            "p(90)": 0.59344,
            "p(95)": 0.61462,
            "avg": 0.2665882352941176,
            "min": 0
        },
        "http_req_receiving": {
            "max": 91.8322,
            "p(90)": 77.75004000000001,
            "p(95)": 91.51124,
            "avg": 28.801205882352942,
            "min": 0.7231,
            "med": 21.9673
        },
        "http_req_waiting": {
            "max": 360.868,
            "p(90)": 164.799,
            "p(95)": 227.7627199999999,
            "avg": 120.98322352941177,
            "min": 56.6677,
            "med": 109.6059
        },
        "http_req_duration{expected_response:true}": {
            "max": 361.5911,
            "p(90)": 217.5865,
            "p(95)": 261.9600599999999,
            "avg": 150.0510176470588,
            "min": 88.3345,
            "med": 122.3855
        },
        "http_req_blocked": {
            "min": 0,
            "med": 0,
            "max": 654.1208,
            "p(90)": 0,
            "p(95)": 130.82415999999955,
            "avg": 38.47769411764706
        },
        "data_sent": {
            "count": 5236,
            "rate": 256.8816489038763
        },
        "http_req_duration": {
            "p(90)": 217.5865,
            "p(95)": 261.9600599999999,
            "avg": 150.0510176470588,
            "min": 88.3345,
            "med": 122.3855,
            "max": 361.5911
        },
        "http_req_failed": {
            "passes": 0,
            "fails": 17,
            "value": 0
        }
    }
}